{
    "actions":{
        "squat": {
                "pattern": ["stand","squat"],
                "enum": 0,
                "minRepeat": 1,
                "dataset": [[1.82,13.99,1.82,13.99,140.56,142.7,90.77,97.07,90.77,97.07,173.7,168.99,2.4870996672398222,1],[1.82,13.99,1.82,13.99,140.56,142.7,90.77,97.07,90.77,97.07,173.7,168.99,2.4870996672398222,1],[1.82,13.99,1.82,13.99,140.56,142.7,90.77,97.07,90.77,97.07,173.7,168.99,2.4870996672398222,1],[1.82,13.99,1.82,13.99,140.56,142.7,90.77,97.07,90.77,97.07,173.7,168.99,2.4870996672398222,1],[1.82,13.99,1.82,13.99,140.56,142.7,90.77,97.07,90.77,97.07,173.7,168.99,2.4870996672398222,1],[1.82,13.99,1.82,13.99,140.56,142.7,90.77,97.07,90.77,97.07,173.7,168.99,2.4870996672398222,1],[1.82,13.99,1.82,13.99,140.56,142.7,90.77,97.07,90.77,97.07,173.7,168.99,2.4870996672398222,1],[1.82,13.99,1.82,13.99,140.56,142.7,90.77,97.07,90.77,97.07,173.7,168.99,2.4870996672398222,1],[1.82,13.99,1.82,13.99,140.56,142.7,90.77,97.07,90.77,97.07,173.7,168.99,2.4870996672398222,1],[1.82,13.99,1.82,13.99,140.56,142.7,90.77,97.07,90.77,97.07,173.7,168.99,2.4870996672398222,1],[1.82,13.99,1.82,13.99,140.56,142.7,90.77,97.07,90.77,97.07,173.7,168.99,2.4870996672398222,1],[1.82,13.99,1.82,13.99,140.56,142.7,90.77,97.07,90.77,97.07,173.7,168.99,2.4870996672398222,1],[1.82,13.99,1.82,13.99,140.56,142.7,90.77,97.07,90.77,97.07,173.7,168.99,2.4870996672398222,1],[1.82,13.99,1.82,13.99,140.56,142.7,90.77,97.07,90.77,97.07,173.7,168.99,2.4870996672398222,1],[1.82,13.99,1.82,13.99,140.56,142.7,90.77,97.07,90.77,97.07,173.7,168.99,2.4870996672398222,1],[1.82,13.99,1.82,13.99,140.56,142.7,90.77,97.07,90.77,97.07,173.7,168.99,2.4870996672398222,1],[1.82,13.99,1.82,13.99,140.56,142.7,90.77,97.07,90.77,97.07,173.7,168.99,2.4870996672398222,1],[1.82,13.99,1.82,13.99,140.56,142.7,90.77,97.07,90.77,97.07,173.7,168.99,2.4870996672398222,1],[1.82,13.99,1.82,13.99,140.56,142.7,90.77,97.07,90.77,97.07,173.7,168.99,2.4870996672398222,1],[1.82,13.99,1.82,13.99,140.56,142.7,90.77,97.07,90.77,97.07,173.7,168.99,2.4870996672398222,1],[1.82,13.99,1.82,13.99,140.56,142.7,90.77,97.07,90.77,97.07,173.7,168.99,2.4870996672398222,1],[1.82,13.99,1.82,13.99,140.56,142.7,90.77,97.07,90.77,97.07,173.7,168.99,2.4870996672398222,1],[1.82,13.99,1.82,13.99,140.56,142.7,90.77,97.07,90.77,97.07,173.7,168.99,2.4870996672398222,1],[1.82,13.99,1.82,13.99,140.56,142.7,90.77,97.07,90.77,97.07,173.7,168.99,2.4870996672398222,1],[1.82,13.99,1.82,13.99,140.56,142.7,90.77,97.07,90.77,97.07,173.7,168.99,2.4870996672398222,1],[1.82,13.99,1.82,13.99,140.56,142.7,90.77,97.07,90.77,97.07,173.7,168.99,2.4870996672398222,1],[1.82,13.99,1.82,13.99,140.56,142.7,90.77,97.07,90.77,97.07,173.7,168.99,2.4870996672398222,1],[1.82,13.99,1.82,13.99,140.56,142.7,90.77,97.07,90.77,97.07,173.7,168.99,2.4870996672398222,1],[1.82,13.99,1.82,13.99,140.56,142.7,90.77,97.07,90.77,97.07,173.7,168.99,2.4870996672398222,1],[1.82,13.99,1.82,13.99,140.56,142.7,90.77,97.07,90.77,97.07,173.7,168.99,2.4870996672398222,1],[1.82,13.99,1.82,13.99,140.56,142.7,90.77,97.07,90.77,97.07,173.7,168.99,2.4870996672398222,1],[1.82,13.99,1.82,13.99,140.56,142.7,90.77,97.07,90.77,97.07,173.7,168.99,2.4870996672398222,1],[1.82,13.99,1.82,13.99,140.56,142.7,90.77,97.07,90.77,97.07,173.7,168.99,2.4870996672398222,1],[1.82,13.99,1.82,13.99,140.56,142.7,90.77,97.07,90.77,97.07,173.7,168.99,2.4870996672398222,1],[1.82,13.99,1.82,13.99,140.56,142.7,90.77,97.07,90.77,97.07,173.7,168.99,2.4870996672398222,1],[1.82,13.99,1.82,13.99,140.56,142.7,90.77,97.07,90.77,97.07,173.7,168.99,2.4870996672398222,1],[1.82,13.99,1.82,13.99,140.56,142.7,90.77,97.07,90.77,97.07,173.7,168.99,2.4870996672398222,1],[1.82,13.99,1.82,13.99,140.56,142.7,90.77,97.07,90.77,97.07,173.7,168.99,2.4870996672398222,1],[1.82,13.99,1.82,13.99,140.56,142.7,90.77,97.07,90.77,97.07,173.7,168.99,2.4870996672398222,1],[1.82,13.99,1.82,13.99,140.56,142.7,90.77,97.07,90.77,97.07,173.7,168.99,2.4870996672398222,1],[1.82,13.99,1.82,13.99,140.56,142.7,90.77,97.07,90.77,97.07,173.7,168.99,2.4870996672398222,1],[1.82,13.99,1.82,13.99,140.56,142.7,90.77,97.07,90.77,97.07,173.7,168.99,2.4870996672398222,1],[1.82,13.99,1.82,13.99,140.56,142.7,90.77,97.07,90.77,97.07,173.7,168.99,2.4870996672398222,1],[1.82,13.99,1.82,13.99,140.56,142.7,90.77,97.07,90.77,97.07,173.7,168.99,2.4870996672398222,1],[1.82,13.99,1.82,13.99,140.56,142.7,90.77,97.07,90.77,97.07,173.7,168.99,2.4870996672398222,1],[1.82,13.99,1.82,13.99,140.56,142.7,90.77,97.07,90.77,97.07,173.7,168.99,2.4870996672398222,1],[1.82,13.99,1.82,13.99,140.56,142.7,90.77,97.07,90.77,97.07,173.7,168.99,2.4870996672398222,1],[1.82,13.99,1.82,13.99,140.56,142.7,90.77,97.07,90.77,97.07,173.7,168.99,2.4870996672398222,1]]

            },
        "stand":{
            "pattern": ["stand","stand","stand","stand"],
            "enum": 1,
            "minRepeat": 1,
            "dataset" :[
                [22.78,15.39,22.78,15.39,162.84,0.21,82.41,107.27,82.41,107.27,175.03,177.29],
                [17.36,13.57,17.36,13.57,172.61,18.01,76.37,115.8,76.37,115.8,179.6,175.09],
                [18.82,3.71,18.82,3.71,170.83,23.83,99.86,92.45,99.86,92.45,168.91,171.66],
                [21.54,4.37,21.54,4.37,165.33,161.16,94.47,98.44,94.47,98.44,168.66,171.3],
                [20.71,3.98,20.71,3.98,161.21,177.07,94.3,97.7,94.3,97.7,173.59,164.94],
                [13.32,20.43,13.32,20.43,174.82,166.17,75.81,118.6,75.81,118.6,175.61,168.73],
                [10.83,13.87,10.83,13.87,161.74,150.08,73.07,118.12,73.07,118.12,172.74,169.33],
                [3.34,26.45,3.34,26.45,163.27,152.03,97.63,92.26,97.63,92.26,170.97,171.4],
                [9.52,38.31,9.52,38.31,99.13,130.43,79.09,118.17,79.09,118.17,173.58,165.18],
                [6.67,38.05,6.67,38.05,27.47,44.06,71.93,119.16,71.93,119.16,176.7,161.26],
                [17.96,13.79,17.96,13.79,169.85,5.27,79.08,112.99,79.08,112.99,175.4,176.31],
                [17.47,7.3,17.47,7.3,172.48,22.02,73.05,119.82,73.05,119.82,179.82,174.47],
                [19.46,3.81,19.46,3.81,169.47,18.8,95.68,97.07,95.68,97.07,169.47,171.72],
                [20.21,3.43,20.21,3.43,167.32,13.48,93.59,99.46,93.59,99.46,169.14,168.94]
            ]
        }
    },
    "enum":{
        "0": "squat", 
        "1": "stand"
    }

}