{
    "actions": [
        {
            "enum": 0,
            "examples": [[1.82,13.99,1.82,13.99,140.56,142.7,90.77,97.07,90.77,97.07,173.7,168.99,2.4870996672398222,1],[1.82,13.99,1.82,13.99,140.56,142.7,90.77,97.07,90.77,97.07,173.7,168.99,2.4870996672398222,1],[1.82,13.99,1.82,13.99,140.56,142.7,90.77,97.07,90.77,97.07,173.7,168.99,2.4870996672398222,1],[1.82,13.99,1.82,13.99,140.56,142.7,90.77,97.07,90.77,97.07,173.7,168.99,2.4870996672398222,1],[1.82,13.99,1.82,13.99,140.56,142.7,90.77,97.07,90.77,97.07,173.7,168.99,2.4870996672398222,1],[1.82,13.99,1.82,13.99,140.56,142.7,90.77,97.07,90.77,97.07,173.7,168.99,2.4870996672398222,1],[1.82,13.99,1.82,13.99,140.56,142.7,90.77,97.07,90.77,97.07,173.7,168.99,2.4870996672398222,1],[1.82,13.99,1.82,13.99,140.56,142.7,90.77,97.07,90.77,97.07,173.7,168.99,2.4870996672398222,1],[1.82,13.99,1.82,13.99,140.56,142.7,90.77,97.07,90.77,97.07,173.7,168.99,2.4870996672398222,1],[1.82,13.99,1.82,13.99,140.56,142.7,90.77,97.07,90.77,97.07,173.7,168.99,2.4870996672398222,1],[1.82,13.99,1.82,13.99,140.56,142.7,90.77,97.07,90.77,97.07,173.7,168.99,2.4870996672398222,1],[1.82,13.99,1.82,13.99,140.56,142.7,90.77,97.07,90.77,97.07,173.7,168.99,2.4870996672398222,1],[1.82,13.99,1.82,13.99,140.56,142.7,90.77,97.07,90.77,97.07,173.7,168.99,2.4870996672398222,1],[1.82,13.99,1.82,13.99,140.56,142.7,90.77,97.07,90.77,97.07,173.7,168.99,2.4870996672398222,1],[1.82,13.99,1.82,13.99,140.56,142.7,90.77,97.07,90.77,97.07,173.7,168.99,2.4870996672398222,1],[1.82,13.99,1.82,13.99,140.56,142.7,90.77,97.07,90.77,97.07,173.7,168.99,2.4870996672398222,1],[1.82,13.99,1.82,13.99,140.56,142.7,90.77,97.07,90.77,97.07,173.7,168.99,2.4870996672398222,1],[1.82,13.99,1.82,13.99,140.56,142.7,90.77,97.07,90.77,97.07,173.7,168.99,2.4870996672398222,1],[1.82,13.99,1.82,13.99,140.56,142.7,90.77,97.07,90.77,97.07,173.7,168.99,2.4870996672398222,1],[1.82,13.99,1.82,13.99,140.56,142.7,90.77,97.07,90.77,97.07,173.7,168.99,2.4870996672398222,1],[1.82,13.99,1.82,13.99,140.56,142.7,90.77,97.07,90.77,97.07,173.7,168.99,2.4870996672398222,1],[1.82,13.99,1.82,13.99,140.56,142.7,90.77,97.07,90.77,97.07,173.7,168.99,2.4870996672398222,1],[1.82,13.99,1.82,13.99,140.56,142.7,90.77,97.07,90.77,97.07,173.7,168.99,2.4870996672398222,1],[1.82,13.99,1.82,13.99,140.56,142.7,90.77,97.07,90.77,97.07,173.7,168.99,2.4870996672398222,1],[1.82,13.99,1.82,13.99,140.56,142.7,90.77,97.07,90.77,97.07,173.7,168.99,2.4870996672398222,1],[1.82,13.99,1.82,13.99,140.56,142.7,90.77,97.07,90.77,97.07,173.7,168.99,2.4870996672398222,1],[1.82,13.99,1.82,13.99,140.56,142.7,90.77,97.07,90.77,97.07,173.7,168.99,2.4870996672398222,1],[1.82,13.99,1.82,13.99,140.56,142.7,90.77,97.07,90.77,97.07,173.7,168.99,2.4870996672398222,1],[1.82,13.99,1.82,13.99,140.56,142.7,90.77,97.07,90.77,97.07,173.7,168.99,2.4870996672398222,1],[1.82,13.99,1.82,13.99,140.56,142.7,90.77,97.07,90.77,97.07,173.7,168.99,2.4870996672398222,1],[1.82,13.99,1.82,13.99,140.56,142.7,90.77,97.07,90.77,97.07,173.7,168.99,2.4870996672398222,1],[1.82,13.99,1.82,13.99,140.56,142.7,90.77,97.07,90.77,97.07,173.7,168.99,2.4870996672398222,1],[1.82,13.99,1.82,13.99,140.56,142.7,90.77,97.07,90.77,97.07,173.7,168.99,2.4870996672398222,1],[1.82,13.99,1.82,13.99,140.56,142.7,90.77,97.07,90.77,97.07,173.7,168.99,2.4870996672398222,1],[1.82,13.99,1.82,13.99,140.56,142.7,90.77,97.07,90.77,97.07,173.7,168.99,2.4870996672398222,1],[1.82,13.99,1.82,13.99,140.56,142.7,90.77,97.07,90.77,97.07,173.7,168.99,2.4870996672398222,1],[1.82,13.99,1.82,13.99,140.56,142.7,90.77,97.07,90.77,97.07,173.7,168.99,2.4870996672398222,1],[1.82,13.99,1.82,13.99,140.56,142.7,90.77,97.07,90.77,97.07,173.7,168.99,2.4870996672398222,1],[1.82,13.99,1.82,13.99,140.56,142.7,90.77,97.07,90.77,97.07,173.7,168.99,2.4870996672398222,1],[1.82,13.99,1.82,13.99,140.56,142.7,90.77,97.07,90.77,97.07,173.7,168.99,2.4870996672398222,1],[1.82,13.99,1.82,13.99,140.56,142.7,90.77,97.07,90.77,97.07,173.7,168.99,2.4870996672398222,1],[1.82,13.99,1.82,13.99,140.56,142.7,90.77,97.07,90.77,97.07,173.7,168.99,2.4870996672398222,1],[1.82,13.99,1.82,13.99,140.56,142.7,90.77,97.07,90.77,97.07,173.7,168.99,2.4870996672398222,1],[1.82,13.99,1.82,13.99,140.56,142.7,90.77,97.07,90.77,97.07,173.7,168.99,2.4870996672398222,1],[1.82,13.99,1.82,13.99,140.56,142.7,90.77,97.07,90.77,97.07,173.7,168.99,2.4870996672398222,1],[1.82,13.99,1.82,13.99,140.56,142.7,90.77,97.07,90.77,97.07,173.7,168.99,2.4870996672398222,1],[1.82,13.99,1.82,13.99,140.56,142.7,90.77,97.07,90.77,97.07,173.7,168.99,2.4870996672398222,1],[1.82,13.99,1.82,13.99,140.56,142.7,90.77,97.07,90.77,97.07,173.7,168.99,2.4870996672398222,1]]
        },
        {
            "enum": 1,